Id, Question, Category, ImageUrl
1,"What is the last thing you lost?","",""
2,"When is it ok for somebody else to touch your belongings?","",""
3,"In a word, how do you describe people from Kentucky?","",""
4,"Who is the best banjo player in the world?","",""
5,"What is the appropriate number of accidental pregnancies to have?","",""
6,"What is the best desert?","",""
7,"Name a place better to grow up than Springfield, Virginia.","",""
8,"How much therapy do you need after growing up as a son of a narcotics officer?","",""
9,"The only food worse than a meaty gyro is what?","",""
10,"Name a lamer location than a nipple piercing.","",""
11,"They say people who love the color Aqua are also what?","",""
12,"What is the only pant fabric more uncomfortable than vinyl?","",""
13,"What is it about cat people that make them better humans than dog people?","",""
14,"In a word, what do people wearing vintage clothes smell like?","",""
15,"What is the perfect number of children to have?","",""
16,"What shape of balloon animal is the least phallic in Africa?","",""
17,"What profession does a washed-up high school hockey player choose?","",""
18,"Name a degree that makes less sense than a BA in Communications from George Mason.","",""
19,"What is the greatest metal band of all time?","",""
20,"What is a movie worth buying a new TV for?","",""
21,"How old were you when your got your first concert piercing?","",""
22,"What is a drug you should never try?","",""
23,"What 2 words best describe a person with the name Chelsea?","",""
24,"What character traits does shooting a nerf gun with your son build that playing catch will not?","",""
25,"If you were color blind, what color would you be ok losing?","",""
26,"Who is your favorite actor?","",""
27,"Who is your favorite actress?","",""
28,"If you are so good at acting, what is holding you back from going big?","",""
29,"What was the last book you read?","",""
30,"Who is the funniest person playing?","",""
31,"What is the best kind of pie?","",""
32,"What kept you from going to the gym today?","",""
33,"Who moved my keys?","",""
34,"What was the last thing you drank?","",""
35,"How much does the manager of a Jewely store expect to make?","",""
36,"What is a lesser known nickname for somebody named Charles?","",""
37,"What does a Masters degree in Communications afford you?","",""
38,"Where is the right place to hide dad's wallet?","",""
39,"Why are you so bad at remembering names?","",""
40,"At what age are you considered old?","",""
41,"What job is he applying for?","","https://i.postimg.cc/tCwys3B9/IMG-1049.jpg"
42,"What picture is Charles showing on his phone?","","https://i.postimg.cc/YSwH3pcV/IMG-1040.jpg"
43,"What does this busker do for money?","","https://i.postimg.cc/X7p4NHc2/IMG-1046.jpg"
44,"Why is this person wanted by the law?","","https://i.postimg.cc/FFPh45cd/1-F1-AA583.png"
45,"Who was this persons idol?","","https://i.postimg.cc/VktwnJhn/IMG-1047.jpg"
46,"What 3 words describe this photo?","","https://i.postimg.cc/FRTXN3f5/IMG-1039.jpg"
47,"What was missing from this persons childhood?","","https://i.postimg.cc/jjQr3Gtj/IMG-1043.jpg"
48,"How did Charles ruin this special day?","","https://i.postimg.cc/9MmH6JQY/IMG-1051.jpg"
49,"Why is Charles so tense in this scene?","","https://i.postimg.cc/T3RdMVY0/tense-charles.png"
50,"What character does Charles play in this scene?","","https://i.postimg.cc/y8vVVDDH/thinking-man.png"
51,"What are the men throwing?","","https://i.postimg.cc/hGvKhKm7/throwing-charles.png"
52,"What is he hiding?","","https://i.postimg.cc/hP3rHBnt/charles-hiding.jpg"
53,"Where did he find this baby?","","https://i.postimg.cc/xCvhJVp2/IMG-1041.jpg"
54,"What life choice is Charles regretting?","","https://i.postimg.cc/qRVWvvLw/IMG-1042.jpg"
55,"What version of Tomb Raider is this from?","","https://i.postimg.cc/xdbWQzKq/IMG-1048.jpg"